ts,nvme_c,pkg_c,disk_used_mb
1784008524,36,48,5886
1784008529,36,50,5901
1784008534,36,55,5901
1784008539,36,49,5901
1784008544,36,53,5901
1784008549,36,53,6019
1784008554,36,53,6019
1784008559,36,57,6019
1784008564,35,55,6019
1784008569,35,59,6019
1784008574,35,59,6019
1784008579,35,55,6019
1784008584,35,60,6019
1784008589,35,60,6019
1784008594,35,55,6019
1784008599,35,59,6019
1784008604,35,59,6019
1784008609,35,55,6019
1784008614,35,60,6019
1784008619,35,60,6019
1784008624,35,55,6019
1784008630,35,52,6019
1784008635,35,59,6019
1784008640,35,56,6019
1784008645,35,55,6019
1784008650,35,60,6019
1784008655,35,56,6019
1784008660,35,55,6019
1784008665,35,55,6019
1784008670,35,52,6019
1784008675,35,52,6019
1784008680,35,52,6019
1784008685,35,56,6019
1784008690,35,56,6019
1784008695,35,60,6019
1784008700,35,55,6429
1784008705,35,55,6726
1784008710,35,57,7220
1784008715,35,61,7565
1784008720,35,65,7187
1784008725,36,59,7187
1784008730,35,57,7187
1784008735,35,55,7187
1784008740,35,63,7187
1784008745,35,57,7187
1784008750,35,60,7187
1784008755,35,60,7187
1784008760,35,60,7187
1784008766,35,62,7187
1784008771,35,57,7187
1784008776,35,65,7187
1784008781,35,65,7187
1784008786,35,58,7187
1784008791,35,61,7187
1784008796,35,60,7187
1784008801,35,59,7187
1784008806,35,60,7187
1784008811,35,59,7187
1784008816,35,61,7187
1784008821,35,60,7187
1784008826,35,59,7187
1784008831,35,61,7187
1784008836,35,60,7187
1784008841,35,58,7187
1784008846,35,67,7187
1784008851,35,66,7187
1784008856,35,63,7187
1784008861,35,62,7187
1784008866,35,60,7187
1784008871,35,62,7187
1784008876,35,65,7187
1784008881,35,58,7187
1784008886,35,67,7187
1784008891,35,63,7187
1784008897,35,64,7187
1784008902,35,63,7187
1784008907,35,67,7187
1784008912,35,58,7187
1784008917,35,68,7187
1784008922,35,57,7187
1784008927,35,63,7187
1784008932,35,64,7187
1784008937,35,63,7187
1784008942,35,63,7187
1784008947,35,62,7187
1784008952,35,62,7187
1784008957,35,62,7187
1784008962,35,62,7187
1784008967,35,62,7187
1784008972,35,55,7187
1784008977,35,55,7187
1784008982,35,55,7187
1784008987,35,55,7187
1784008992,35,55,7187
1784008997,35,56,7187
1784009002,35,55,7187
1784009007,35,54,7187
1784009012,35,54,7187
1784009017,35,54,7187
1784009023,35,62,7187
1784009028,35,61,7187
1784009033,35,61,7187
1784009038,35,61,7187
1784009043,35,60,7187
1784009048,35,61,7187
1784009053,35,61,7187
1784009058,35,61,7187
1784009063,35,61,7187
1784009068,35,61,7187
1784009073,35,60,7187
1784009078,35,61,7187
1784009083,35,60,7187
1784009088,35,61,7187
1784009093,35,61,7187
1784009098,35,61,7187
1784009103,35,61,7187
1784009108,35,60,7187
1784009113,35,60,7187
1784009118,35,56,7187
1784009123,35,56,7187
1784009128,35,56,7187
1784009133,35,57,7187
1784009138,35,56,7187
1784009143,35,56,7187
1784009148,35,56,7187
1784009153,35,56,7187
1784009158,35,57,7187
1784009164,35,54,7187
1784009169,35,53,7187
1784009174,35,53,7187
1784009179,35,53,7187
1784009184,35,53,7187
1784009189,35,53,7187
1784009194,35,52,7187
1784009199,35,53,7187
1784009204,35,53,7187
1784009209,35,53,7187
1784009214,35,53,7187
1784009219,35,53,7187
1784009224,35,54,7187
1784009229,35,53,7187
1784009234,35,54,7187
1784009239,35,53,7187
1784009244,35,53,7187
1784009249,35,54,7187
1784009254,35,52,7187
1784009259,34,57,7187
1784009264,34,57,7187
1784009269,34,56,7187
1784009274,34,56,7187
1784009279,34,56,7187
1784009284,35,57,7187
1784009289,34,56,7187
1784009294,35,56,7187
1784009299,34,56,7187
1784009304,34,56,7187
1784009310,34,56,7187
1784009315,34,56,7187
1784009320,34,56,7187
1784009325,34,56,7187
1784009330,34,56,7187
1784009335,34,56,7187
1784009340,34,56,7187
1784009345,34,56,7187
1784009350,34,56,7187
1784009355,34,57,7187
1784009360,34,56,7187
1784009365,34,56,7187
1784009370,34,56,7187
1784009375,34,56,7187
1784009380,34,56,7187
1784009385,34,56,7187
1784009390,34,55,7187
1784009395,34,56,7187
1784009400,34,56,7187
1784009405,34,53,7187
1784009410,34,53,7187
1784009415,34,52,7187
1784009420,34,53,7187
1784009425,34,54,7187
1784009430,34,52,7187
1784009435,34,52,7187
1784009440,34,53,7187
1784009445,34,52,7187
1784009451,34,56,7187
1784009456,34,56,7187
1784009461,34,56,7187
1784009466,34,56,7187
1784009471,34,56,7187
1784009476,34,56,7187
1784009481,34,55,7187
1784009486,34,56,7187
1784009491,34,56,7187
1784009496,34,56,7187
1784009501,34,57,7187
1784009506,34,57,7187
1784009511,34,57,7187
1784009516,34,57,7187
1784009521,34,57,7187
1784009526,34,57,7187
1784009531,34,56,7187
1784009536,34,57,7187
1784009541,34,57,7187
1784009546,34,57,7187
1784009551,34,56,7187
1784009556,34,56,7187
1784009561,34,56,7187
1784009566,34,56,7187
1784009571,34,56,7187
1784009576,34,56,7187
1784009581,34,56,7187
1784009586,34,55,7187
1784009592,34,56,7187
1784009597,34,61,7187
1784009602,34,56,7187
1784009607,34,56,7187
1784009612,34,56,7187
1784009617,34,56,7187
1784009622,34,56,7187
1784009627,34,56,7187
1784009632,34,56,7187
1784009637,34,56,7187
1784009642,34,53,7187
1784009647,34,53,7187
1784009652,34,53,7187
1784009657,34,52,7187
1784009662,34,53,7187
1784009667,34,53,7187
1784009672,34,53,7187
1784009677,34,53,7187
1784009682,34,53,7187
1784009687,34,53,7187
1784009692,34,60,7187
1784009697,34,61,7187
1784009702,34,60,7187
1784009707,34,60,7187
1784009712,34,61,7187
1784009717,34,61,7187
1784009722,34,60,7187
1784009727,34,61,7187
1784009733,34,61,7187
1784009738,34,61,7187
1784009743,34,55,7187
1784009748,34,55,7187
1784009753,34,56,7187
1784009758,34,55,7187
1784009763,34,55,7187
1784009768,34,56,7187
1784009773,34,55,7187
1784009778,34,55,7187
1784009783,34,55,7187
1784009788,34,52,7187
1784009793,34,52,7187
1784009798,34,53,7187
1784009803,34,52,7187
1784009808,34,52,7187
1784009813,34,52,7187
1784009818,34,52,7187
1784009823,34,52,7187
1784009828,34,52,7187
1784009833,34,56,7187
1784009838,34,55,7187
1784009843,34,55,7187
1784009848,34,55,7187
1784009853,34,56,7187
1784009858,34,55,7187
1784009863,34,55,7187
1784009868,34,55,7187
1784009874,34,55,7187
1784009879,34,55,7187
1784009884,34,52,7187
1784009889,34,53,7187
1784009894,34,52,7187
1784009899,34,52,7187
1784009904,34,52,7187
1784009909,34,53,7187
1784009914,34,52,7187
1784009919,34,52,7187
1784009924,34,52,7187
1784009929,34,56,7187
1784009934,34,55,7187
1784009939,34,56,7187
1784009944,34,56,7187
1784009949,34,55,7187
1784009954,34,55,7187
1784009959,34,55,7187
1784009964,34,55,7187
1784009969,34,55,7187
1784009974,34,54,7187
1784009979,34,56,7187
1784009984,34,55,7187
1784009989,34,55,7187
1784009994,34,55,7187
1784009999,34,55,7187
1784010004,34,55,7187
1784010009,34,55,7187
1784010014,34,55,7187
1784010020,34,55,7187
1784010025,34,56,7187
1784010030,34,55,7187
1784010035,34,55,7187
1784010040,34,56,7187
1784010045,34,54,7187
1784010050,34,55,7187
1784010055,34,55,7187
1784010060,34,56,7187
1784010065,34,56,7187
1784010070,34,55,7187
1784010075,34,52,7187
1784010080,34,53,7187
1784010085,34,52,7187
1784010090,34,53,7187
1784010095,34,53,7187
1784010100,34,52,7187
1784010105,34,52,7187
1784010110,34,52,7187
1784010115,34,52,7187
1784010120,34,56,7187
1784010125,34,56,7187
1784010130,34,55,7187
1784010135,34,55,7187
1784010140,34,55,7187
1784010145,34,56,7187
1784010150,34,56,7187
1784010156,34,56,7187
1784010161,34,55,7187
1784010166,34,56,7187
1784010171,34,52,5951
1784010176,34,56,6782
1784010181,34,56,7709
1784010186,35,57,8633
1784010191,36,57,9557
1784010196,36,55,9988
1784010201,36,55,10271
1784010206,36,56,10549
1784010211,36,58,10815
1784010216,36,56,11087
1784010221,36,56,11361
1784010226,36,55,11632
1784010231,36,55,11897
1784010236,36,55,12166
1784010241,36,55,12438
1784010246,36,55,12702
1784010251,37,56,12972
1784010256,37,56,13235
1784010261,36,55,13503
1784010266,37,56,13768
1784010271,37,60,14022
1784010276,37,62,14853
1784010281,37,60,15626
1784010287,38,67,16356
1784010292,38,67,16994
1784010297,38,62,17678
1784010302,38,63,17903
1784010307,39,62,17903
1784010312,39,61,17903
1784010317,39,65,18079
1784010322,39,67,18326
1784010327,39,61,18569
1784010332,39,59,18817
1784010337,39,61,19060
1784010342,39,65,19297
1784010347,40,62,19480
1784010352,40,64,19647
1784010357,40,63,19811
1784010362,40,64,19979
1784010367,40,59,20156
1784010372,40,63,20329
1784010377,41,60,20500
1784010382,41,62,20694
1784010388,41,63,20940
1784010393,41,59,21183
1784010398,41,59,21388
1784010403,41,59,21603
1784010408,41,60,21825
1784010413,41,63,22045
1784010418,42,71,22322
1784010423,42,61,22419
1784010428,42,59,22449
1784010433,42,71,22479
1784010438,42,66,22509
1784010443,42,65,22541
1784010448,42,63,22580
1784010453,42,63,22621
1784010458,42,62,22661
1784010463,42,72,22693
1784010468,42,65,22723
1784010473,43,63,22777
1784010478,43,63,22777
1784010483,43,64,22777
1784010488,43,72,22530
1784010494,43,71,21356
1784010499,44,63,20200
1784010504,43,66,19067
1784010509,43,71,18770
1784010514,43,63,18770
1784010519,43,71,18770
1784010524,42,69,18770
1784010529,42,62,18770
1784010534,41,60,18770
1784010539,41,62,18770
1784010544,41,70,18770
1784010549,41,67,18770
1784010554,40,62,18770
1784010559,40,71,18770
1784010564,40,63,18770
1784010569,40,62,18770
1784010574,39,61,18770
1784010579,39,70,18770
1784010584,39,66,18770
1784010589,39,70,18770
1784010594,38,67,18770
1784010599,38,57,18770
1784010604,38,65,18770
1784010609,38,62,18770
1784010614,38,60,18770
1784010620,38,71,18770
1784010625,37,65,18770
1784010630,37,60,18770
1784010635,37,60,18770
1784010640,37,64,18770
1784010645,37,59,18770
1784010650,37,64,18770
1784010655,37,61,18770
1784010660,37,59,18770
1784010665,37,58,18770
1784010670,37,58,18770
1784010675,36,62,18770
1784010680,36,60,18770
1784010685,36,68,18770
1784010690,36,60,18770
1784010695,36,58,18770
1784010700,36,59,18770
1784010705,36,59,18770
1784010710,36,58,18770
1784010715,36,61,18770
1784010720,36,62,18770
1784010725,36,61,18770
1784010730,36,67,18770
1784010735,36,60,18770
1784010740,36,58,18770
1784010746,36,58,18770
1784010751,36,70,18770
1784010756,36,59,18770
1784010761,36,57,18770
1784010766,36,62,18770
1784010771,36,63,18770
1784010776,36,61,18770
1784010781,36,57,18770
1784010786,36,57,18770
1784010791,35,61,18770
1784010796,35,61,18770
1784010801,35,67,18770
1784010806,35,59,18770
1784010811,35,57,18770
1784010816,35,58,18770
1784010821,35,62,18770
1784010826,35,60,18770
1784010831,35,60,18770
1784010836,35,63,18770
1784010841,35,57,18770
1784010846,35,57,18770
1784010851,35,60,18770
1784010856,35,57,18770
1784010861,35,56,18770
1784010866,35,55,18770
1784010872,35,61,18770
1784010877,35,61,18770
1784010882,35,61,18770
1784010887,35,69,18770
1784010892,35,57,18770
1784010897,35,57,18770
1784010902,35,57,18770
1784010907,35,57,18770
1784010912,35,56,18770
1784010917,35,55,18770
1784010922,35,57,18770
1784010927,35,61,18770
1784010932,35,61,18770
1784010937,35,60,18770
1784010942,35,57,18770
1784010947,35,61,18770
1784010952,35,60,18770
1784010957,35,58,18770
1784010962,35,70,18770
1784010967,35,64,18770
1784010972,35,63,18770
1784010977,35,62,18770
1784010982,35,59,18770
1784010987,35,57,18770
1784010992,35,57,18770
1784010998,35,67,18770
1784011003,35,64,18770
1784011008,35,56,18770
1784011013,35,61,18770
1784011018,35,59,18770
1784011023,35,62,18770
1784011028,35,58,18770
1784011033,35,61,18770
1784011038,35,60,18770
1784011043,35,62,18770
1784011048,36,60,18770
1784011053,36,63,18770
1784011058,36,63,18770
1784011063,36,60,18770
1784011068,36,69,18770
1784011073,36,58,18770
1784011078,36,63,18770
1784011083,36,59,18770
1784011088,36,63,18770
1784011093,36,58,18770
1784011098,36,59,18770
1784011103,36,59,18770
1784011108,36,62,18770
1784011113,36,59,18770
1784011118,36,63,18770
1784011123,36,62,18770
1784011128,36,56,18770
1784011133,36,60,18770
1784011139,36,71,18770
1784011144,36,59,18770
1784011149,35,69,18770
1784011154,35,62,18770
1784011159,35,66,18770
1784011164,35,62,18770
1784011169,35,60,18770
1784011174,35,67,18770
1784011179,35,59,18770
1784011184,35,71,18770
1784011189,35,70,18770
1784011194,35,64,18770
1784011199,35,58,18770
1784011204,35,57,18770
1784011209,35,63,18770
1784011214,35,71,18770
1784011219,35,62,18770
1784011224,35,59,18770
1784011229,35,59,18770
1784011234,35,62,18771
1784011239,35,61,18771
1784011244,35,60,18771
1784011250,35,60,18771
1784011255,35,59,18771
1784011260,35,59,18771
1784011265,35,59,18771
1784011270,35,59,18771
1784011275,35,59,18771
1784011280,35,58,18771
1784011285,35,58,18771
1784011290,35,58,18771
1784011295,35,59,18771
1784011300,35,58,18771
1784011305,35,58,18771
1784011310,35,59,18771
1784011315,35,58,18771
1784011320,35,58,18771
1784011325,35,58,18771
1784011330,35,58,18771
1784011335,35,57,18771
1784011340,35,57,18771
1784011345,35,57,18771
1784011350,35,57,18771
1784011355,35,57,18771
1784011360,35,57,18771
1784011365,35,57,18771
1784011370,35,56,18771
1784011375,35,56,18771
1784011380,35,57,18771
1784011385,35,56,18771
1784011391,35,57,18771
1784011396,35,56,18771
1784011401,35,57,18771
1784011406,35,57,18771
1784011411,35,57,18771
1784011416,35,57,18771
1784011421,35,57,18771
1784011426,35,56,18771
1784011431,35,56,18771
1784011436,35,57,18771
1784011441,35,55,18771
1784011446,35,55,18771
1784011451,35,56,18771
1784011456,35,56,18771
1784011461,35,56,18771
1784011466,35,57,18771
1784011471,35,56,18771
1784011476,35,56,18771
1784011481,35,56,18771
1784011486,35,57,18771
1784011491,35,56,18771
1784011496,35,56,18771
1784011501,35,56,18771
1784011506,35,56,18771
1784011511,35,56,18771
1784011516,35,55,18771
1784011521,35,55,18771
1784011527,35,56,18771
1784011532,35,56,18771
1784011537,35,56,18771
1784011542,35,56,18771
1784011547,35,56,18771
1784011552,35,56,18771
1784011557,35,56,18771
1784011562,35,55,18771
1784011567,35,56,18771
1784011572,35,56,18771
1784011577,35,57,18771
1784011582,35,56,18771
1784011587,35,55,18771
1784011592,35,56,18771
1784011597,35,56,18771
1784011602,35,55,18771
1784011607,35,56,18771
1784011612,35,56,18771
1784011617,35,56,18771
1784011622,35,56,18771
1784011627,35,57,18771
1784011632,34,53,18771
1784011637,35,52,18771
1784011642,34,52,18771
1784011647,35,53,18771
1784011652,34,52,18771
1784011657,34,53,18771
1784011662,34,53,18771
1784011668,34,52,18771
1784011673,34,52,18771
1784011678,34,52,18771
1784011683,34,52,18771
1784011688,34,52,18771
1784011693,34,52,18771
1784011698,34,52,18771
1784011703,34,52,18771
1784011708,34,52,18771
1784011713,34,52,18771
1784011718,34,52,18771
1784011723,34,66,18771
1784011728,34,61,18771
1784011733,34,60,18771
1784011738,34,61,18771
1784011743,34,61,18771
1784011748,34,60,18771
1784011753,34,60,18771
1784011758,34,60,18771
1784011763,34,60,18771
1784011768,34,59,18771
1784011773,34,59,18771
1784011778,34,60,18771
1784011783,34,59,18771
1784011788,34,60,18771
1784011793,34,60,18771
1784011799,34,60,18771
1784011804,34,59,18771
1784011809,34,59,18771
1784011814,34,59,18771
1784011819,34,59,18771
1784011824,34,59,18771
1784011829,34,59,18771
1784011834,34,59,18771
1784011839,34,59,18771
1784011844,34,59,18771
1784011849,34,59,18771
1784011854,34,59,18771
1784011859,34,59,18771
1784011864,34,59,18771
1784011869,34,59,18771
1784011874,34,59,18771
1784011879,34,59,18771
1784011884,34,59,18771
1784011889,34,60,18771
1784011894,34,59,18771
1784011899,34,59,18771
1784011904,34,59,18771
1784011909,34,59,18771
1784011914,34,59,18771
1784011919,34,59,18771
1784011924,34,59,18771
1784011930,34,59,18771
1784011935,34,59,18771
1784011940,34,59,18771
1784011945,34,59,18771
1784011950,34,55,18771
1784011955,34,54,18771
1784011960,34,54,18771
1784011965,34,54,18771
1784011970,34,54,18771
1784011975,34,55,18771
1784011980,34,54,18771
1784011985,34,54,18771
1784011990,34,54,18771
1784011995,34,54,18771
1784012000,34,54,18771
1784012005,34,55,18771
1784012010,34,54,18771
1784012015,34,55,18771
1784012020,34,54,18771
1784012025,34,55,18771
1784012030,34,55,18771
1784012035,34,55,18771
1784012040,34,55,18771
1784012045,34,56,18771
1784012050,34,55,18771
1784012055,34,55,18771
1784012060,34,55,18771
1784012065,34,55,18771
1784012071,34,55,18771
1784012076,34,55,18771
1784012081,34,55,18771
1784012086,34,55,18771
1784012091,34,55,18771
1784012096,34,56,18771
1784012101,34,54,18771
1784012106,34,55,18771
1784012111,34,55,18771
1784012116,34,55,18771
1784012121,34,55,18771
1784012126,34,55,18771
1784012131,34,55,18771
1784012136,34,54,18771
1784012141,34,55,18771
1784012146,34,55,18771
1784012151,34,56,18771
1784012156,34,55,18771
1784012161,34,55,18771
1784012166,34,55,18771
1784012171,34,55,18771
1784012176,34,55,18771
1784012181,34,56,18771
1784012186,34,55,18771
1784012191,34,55,18771
1784012196,34,55,18771
1784012201,34,55,18771
1784012206,34,55,18771
1784012212,34,55,18771
1784012217,34,63,18771
1784012222,34,54,18771
1784012227,34,53,18771
1784012232,34,54,18771
1784012237,34,53,18771
1784012242,34,54,18771
1784012247,34,53,18771
1784012252,34,52,18771
1784012257,34,53,18771
1784012262,34,52,18771
1784012267,34,53,18771
1784012272,34,52,18771
1784012277,34,52,18771
1784012282,34,53,18771
1784012287,34,53,18771
1784012292,34,52,18771
1784012297,34,52,18771
1784012302,34,52,18771
1784012307,34,53,18771
1784012312,34,52,18771
1784012317,34,53,18771
1784012322,34,52,18771
1784012327,34,52,18771
1784012332,34,52,18771
1784012337,34,52,18771
1784012342,34,52,18771
1784012348,34,52,18771
1784012353,34,52,18771
1784012358,34,52,18771
1784012363,34,52,18771
1784012368,34,52,18771
1784012373,34,52,18771
1784012378,34,52,18771
1784012383,34,52,18771
1784012388,34,53,18771
1784012393,34,53,18771
1784012398,34,52,18771
1784012403,34,52,18771
1784012408,34,52,18771
1784012413,34,52,18771
1784012418,34,52,18771
1784012423,34,53,18771
1784012428,34,52,18771
1784012433,34,52,18771
1784012438,34,53,18771
1784012443,34,52,18771
1784012448,34,52,18771
1784012453,34,52,18771
1784012458,34,53,18771
1784012463,34,52,18771
1784012468,34,52,18771
1784012473,34,53,18771
1784012478,34,52,18771
1784012483,34,52,18771
1784012488,34,52,18771
1784012494,34,52,18771
1784012499,34,52,18771
1784012504,34,52,18771
1784012509,34,52,18771
1784012514,34,52,18771
1784012519,34,52,18771
1784012524,34,52,18771
1784012529,34,52,18771
1784012534,34,53,18771
1784012539,34,52,18771
1784012544,34,52,18771
1784012549,34,52,18771
1784012554,34,52,18771
1784012559,34,52,18771
1784012564,34,52,18771
1784012569,34,52,18771
1784012574,34,52,18771
1784012579,34,52,18771
1784012584,34,52,18771
1784012589,34,52,18771
1784012594,34,52,18771
1784012599,34,52,18771
1784012604,34,52,18771
1784012609,34,53,18771
1784012614,34,52,18771
1784012619,34,52,18771
1784012624,34,52,18771
1784012629,34,52,18771
1784012635,34,52,18771
1784012640,34,52,18771
1784012645,34,52,18771
1784012650,34,52,18771
1784012655,34,52,18771
1784012660,34,52,18771
1784012665,34,52,18771
1784012670,34,52,18771
1784012675,34,52,18771
1784012680,34,52,18771
1784012685,34,52,18771
1784012690,34,52,18771
1784012695,34,52,18771
1784012700,34,52,18771
1784012705,34,52,18771
1784012710,34,65,18771
1784012715,34,53,18771
1784012720,34,53,18771
1784012725,34,53,18771
1784012730,34,53,18771
1784012735,34,52,18771
1784012740,34,52,18771
1784012745,34,53,18771
1784012750,34,53,18771
1784012755,34,53,18771
1784012760,34,53,18771
1784012765,34,53,18771
1784012771,34,53,18771
1784012776,34,53,18771
1784012781,34,52,18771
1784012786,34,52,18771
1784012791,34,52,18771
1784012796,34,52,18771
1784012801,34,53,18771
1784012806,34,52,18771
1784012811,34,52,18771
1784012816,34,52,18771
1784012821,34,52,18771
1784012826,34,52,18771
1784012831,34,53,18771
1784012836,34,53,18771
1784012841,34,52,18771
1784012846,34,52,18771
1784012851,34,52,18771
1784012856,34,52,18771
1784012861,34,52,18771
1784012866,34,52,18771
1784012871,34,53,18771
1784012876,34,52,18771
1784012881,34,53,18771
1784012886,34,52,18771
1784012891,34,53,18771
1784012896,34,52,18771
1784012901,34,53,18771
1784012906,34,53,18771
1784012912,34,52,18771
1784012917,34,52,18771
1784012922,34,52,18771
1784012927,34,52,18771
1784012932,34,52,18771
1784012937,34,53,18771
1784012942,34,52,18771
1784012947,34,52,18771
1784012952,34,52,18771
1784012957,34,52,18771
1784012962,34,52,18771
1784012967,34,52,18771
1784012972,34,52,18771
1784012977,34,52,18771
1784012982,34,53,18771
1784012987,34,52,18771
1784012992,34,52,18771
1784012997,34,52,18771
1784013002,34,53,18771
1784013007,34,52,18771
1784013012,34,52,18771
1784013017,34,52,18771
1784013022,34,52,18771
1784013027,34,52,18771
1784013032,34,52,18771
1784013037,34,52,18771
1784013042,34,52,18771
1784013047,34,52,18771
1784013052,34,52,18771
1784013058,34,52,18771
1784013063,34,52,18771
1784013068,34,52,18771
1784013073,34,52,18771
1784013078,34,53,18771
1784013083,34,53,18771
1784013088,34,52,18771
1784013093,34,52,18771
1784013098,34,53,18771
1784013103,34,52,18771
1784013108,34,52,18771
1784013113,34,52,18771
1784013118,34,52,18771
1784013123,34,52,18771
1784013128,34,52,18771
1784013133,34,52,18771
1784013138,34,53,18771
1784013143,34,52,18771
1784013148,34,53,18771
1784013153,34,53,18771
1784013158,34,52,18771
1784013163,34,52,18771
1784013168,34,52,18771
1784013173,34,52,18771
1784013178,34,53,18771
1784013183,34,52,18771
1784013188,34,52,18771
1784013193,34,52,18771
1784013199,34,59,18771
1784013204,34,59,18771
1784013209,34,53,18771
1784013214,34,53,18771
1784013219,34,53,18771
1784013224,34,53,18771
1784013229,34,53,18771
1784013234,34,53,18771
1784013239,34,52,18771
1784013244,34,52,18771
1784013249,34,52,18771
1784013254,34,52,18771
1784013259,34,52,18771
1784013264,34,52,18771
1784013269,34,52,18771
1784013274,34,52,18771
1784013279,34,52,18771
1784013284,34,52,18771
1784013289,34,52,18771
1784013294,34,52,18771
1784013299,34,52,18771
1784013304,34,52,18771
1784013309,34,52,18771
1784013314,34,52,18771
1784013319,34,52,18771
1784013324,34,53,18771
1784013329,34,52,18771
1784013335,34,52,18771
1784013340,34,52,18771
1784013345,34,52,18771
1784013350,34,53,18771
1784013355,34,52,18771
1784013360,34,52,18771
1784013365,34,52,18771
1784013370,34,52,18771
1784013375,34,52,18771
1784013380,34,52,18771
1784013385,34,53,18771
1784013390,34,52,18771
1784013395,34,52,18771
1784013400,34,52,18771
1784013405,34,52,18771
1784013410,34,52,18771
1784013415,34,52,18771
1784013420,34,52,18771
1784013425,34,52,18771
1784013430,34,52,18771
1784013435,34,52,18771
1784013440,34,52,18771
1784013445,34,52,18771
1784013450,34,52,18771
1784013455,34,52,18771
1784013460,34,52,18771
1784013465,34,52,18771
1784013470,34,52,18771
1784013476,34,52,18771
1784013481,34,52,18771
1784013486,34,51,18771
1784013491,34,52,18771
1784013496,34,52,18771
1784013501,34,52,18771
1784013506,34,52,18771
1784013511,34,52,18771
1784013516,34,52,18771
1784013521,34,52,18771
1784013526,34,52,18771
1784013531,34,52,18771
1784013536,34,52,18771
1784013541,34,52,18771
1784013546,34,52,18771
1784013551,34,53,18771
1784013556,34,52,18771
1784013561,34,52,18771
1784013566,34,52,18771
1784013571,34,52,18771
1784013576,34,52,18771
1784013581,34,52,18771
1784013586,34,52,18771
1784013591,34,52,18771
1784013596,34,52,18771
1784013601,34,52,18771
1784013606,34,52,18771
1784013611,34,52,18771
1784013617,34,52,18771
1784013622,34,53,18771
1784013627,34,52,18771
1784013632,34,52,18771
1784013637,34,52,18771
1784013642,34,52,18771
1784013647,34,52,18771
1784013652,34,52,18771
1784013657,34,52,18771
1784013662,34,52,18771
1784013667,34,52,18771
1784013672,34,52,18771
1784013677,34,53,18771
1784013682,34,52,18771
1784013687,34,52,18771
1784013692,34,52,18771
1784013697,34,54,18771
1784013702,34,61,18771
1784013707,34,60,18771
1784013712,34,60,18771
1784013717,34,59,18771
1784013722,34,59,18771
1784013727,34,60,18771
1784013732,34,59,18771
1784013737,34,59,18771
1784013742,34,59,18771
1784013747,34,59,18771
1784013753,34,59,18771
1784013758,34,59,18771
1784013763,34,59,18771
1784013768,34,59,18771
1784013773,34,59,18771
1784013778,34,59,18771
1784013783,34,59,18771
1784013788,34,59,18771
1784013793,34,59,18771
1784013798,34,59,18771
1784013803,34,58,18771
1784013808,34,59,18771
1784013813,34,59,18771
1784013818,34,59,18771
1784013823,34,59,18771
1784013828,34,59,18771
1784013833,34,59,18771
1784013838,34,58,18771
1784013843,34,59,18771
1784013848,34,58,18771
1784013853,34,58,18771
1784013858,34,58,18771
1784013863,34,59,18771
1784013868,34,59,18771
1784013873,34,59,18771
1784013878,34,57,18771
1784013883,34,58,18771
1784013888,34,57,18771
1784013894,34,59,18771
1784013899,34,59,18771
1784013904,34,59,18771
1784013909,34,58,18771
1784013914,34,59,18771
1784013919,34,59,18771
1784013924,34,59,18771
1784013929,34,57,18771
1784013934,34,59,18771
1784013939,34,58,18771
1784013944,34,58,18771
1784013949,34,58,18771
1784013954,34,57,18771
1784013959,34,58,18771
1784013964,34,57,18771
1784013969,34,57,18771
1784013974,34,57,18771
1784013979,34,58,18771
1784013984,34,59,18771
1784013989,34,57,18771
1784013994,34,57,18771
1784013999,34,57,18771
1784014004,34,58,18771
1784014009,34,57,18771
1784014014,34,58,18771
1784014019,34,58,18771
1784014024,34,55,18771
1784014029,34,54,18771
1784014035,34,54,18771
1784014040,34,55,18771
1784014045,34,55,18771
1784014050,34,55,18771
1784014055,34,55,18771
1784014060,34,55,18771
1784014065,34,55,18771
1784014070,34,55,18771
1784014075,34,55,18771
1784014080,34,54,18771
1784014085,34,55,18771
1784014090,34,55,18771
1784014095,34,56,18771
1784014100,34,55,18771
1784014105,34,55,18771
1784014110,34,55,18771
1784014115,34,55,18771
1784014120,34,55,18771
1784014125,34,55,18771
1784014130,34,55,18771
1784014135,34,55,18771
1784014140,34,55,18771
1784014145,34,56,18771
1784014150,34,56,18771
1784014155,34,55,18771
1784014160,34,55,18771
1784014165,34,55,18771
1784014171,34,55,18771
1784014176,34,55,18771
1784014181,34,56,18771
1784014186,34,56,18771
1784014191,34,55,18771
1784014196,34,55,18771
1784014201,34,63,18771
1784014206,34,52,18771
1784014211,34,53,18771
1784014216,34,52,18771
1784014221,34,52,18771
1784014226,34,52,18771
1784014231,34,53,18771
1784014236,34,52,18771
1784014241,34,53,18771
1784014246,34,53,18771
1784014251,34,52,18771
1784014256,34,52,18771
1784014261,34,52,18771
1784014266,34,52,18771
1784014271,34,52,18771
1784014276,34,52,18771
1784014281,34,52,18771
1784014286,34,52,18771
1784014291,34,52,18771
1784014296,34,52,18771
1784014302,34,52,18771
1784014307,34,52,18771
1784014312,34,52,18771
1784014317,34,52,18771
1784014322,34,52,18771
1784014327,34,52,18771
1784014332,34,52,18771
1784014337,34,52,18771
1784014342,34,52,18771
1784014347,34,52,18771
1784014352,34,52,18771
1784014357,34,52,18771
1784014362,34,52,18771
1784014367,34,52,18771
1784014372,34,53,18771
1784014377,34,52,18771
1784014382,34,52,18771
1784014387,34,52,18771
1784014392,34,52,18771
1784014397,34,52,18771
1784014402,34,52,18771
1784014407,34,52,18771
1784014412,34,53,18771
1784014417,34,53,18771
1784014422,34,52,18771
1784014427,34,53,18771
1784014432,34,52,18771
1784014437,34,52,18771
1784014443,34,52,18771
1784014448,34,52,18771
1784014453,34,52,18771
1784014458,34,52,18771
1784014463,34,52,18771
1784014468,34,52,18771
1784014473,34,52,18771
1784014478,34,52,18771
1784014483,34,52,18771
1784014488,34,52,18771
1784014493,34,52,18771
1784014498,34,52,18771
1784014503,34,52,18771
1784014508,34,53,18771
1784014513,34,52,18771
1784014518,34,53,18771
1784014523,34,53,18771
1784014528,34,53,18771
1784014533,34,53,18771
1784014538,34,54,18771
1784014543,34,53,18771
1784014548,34,54,18771
1784014553,34,53,18771
1784014558,34,53,18771
1784014563,34,52,18771
1784014568,34,52,18771
1784014573,34,52,18771
1784014578,34,52,18771
1784014584,34,52,18771
1784014589,34,52,18771
1784014594,34,52,18771
1784014599,34,53,18771
1784014604,34,53,18771
1784014609,34,53,18771
1784014614,34,52,18771
1784014619,34,52,18771
1784014624,34,52,18771
1784014629,34,52,18771
1784014634,34,52,18771
1784014639,34,52,18771
1784014644,34,53,18771
1784014649,34,53,18771
1784014654,34,52,18771
1784014659,34,53,18771
1784014664,34,52,18771
1784014669,34,52,18771
1784014674,34,52,18771
1784014679,34,52,18771
1784014684,34,52,18771
1784014689,34,58,18771
1784014694,34,59,18771
1784014699,34,56,18771
1784014704,34,57,18771
1784014709,34,56,18771
1784014714,34,56,18771
1784014720,34,56,18771
1784014725,34,56,18771
1784014730,34,56,18771
1784014735,34,55,18771
1784014740,34,56,18771
1784014745,34,56,18771
1784014750,34,55,18771
1784014755,34,57,18771
1784014760,34,56,18771
1784014765,34,56,18771
1784014770,34,56,18771
1784014775,34,56,18771
1784014780,34,56,18771
1784014785,34,56,18771
1784014790,34,57,18771
1784014795,34,56,18771
1784014800,34,56,18771
1784014805,34,56,18771
1784014810,34,56,18771
1784014815,34,56,18771
1784014820,34,56,18771
1784014825,34,56,18771
1784014830,34,56,18771
1784014835,34,57,18771
1784014840,34,56,18771
1784014845,34,57,18771
1784014850,34,56,18771
1784014856,34,56,18771
1784014861,34,56,18771
1784014866,34,56,18771
1784014871,34,56,18771
1784014876,34,57,18771
1784014881,34,56,18771
1784014886,34,56,18771
1784014891,34,56,18771
1784014896,34,56,18771
1784014901,34,56,18771
1784014906,34,56,18771
1784014911,34,56,18771
1784014916,34,56,18771
1784014921,34,56,18771
1784014926,34,56,18771
1784014931,34,57,18771
1784014936,34,56,18771
1784014941,34,56,18771
1784014946,34,56,18771
1784014951,34,56,18771
1784014956,34,57,18771
1784014961,34,55,18771
1784014966,34,56,18771
1784014971,34,56,18771
1784014976,34,56,18771
1784014981,34,56,18771
1784014986,34,57,18771
1784014991,34,56,18771
1784014997,34,57,18771
1784015002,34,57,18771
1784015007,34,56,18771
1784015012,34,56,18771
1784015017,34,56,18771
1784015022,34,56,18771
1784015027,34,56,18771
1784015032,34,56,18771
1784015037,34,57,18771
1784015042,34,56,18771
1784015047,34,57,18771
1784015052,34,56,18771
1784015057,34,56,18771
1784015062,34,57,18771
1784015067,34,57,18771
1784015072,34,57,18771
1784015077,34,57,18771
1784015082,34,56,18771
1784015087,34,57,18771
1784015092,34,57,18771
1784015097,34,57,18771
1784015102,34,57,18771
1784015107,34,57,18771
1784015112,34,57,18771
1784015117,34,57,18771
1784015122,34,57,18771
1784015127,34,56,18771
1784015132,34,57,18771
1784015138,34,57,18771
1784015143,34,57,18771
1784015148,34,57,18771
1784015153,34,57,18771
1784015158,34,57,18771
1784015163,34,57,18771
1784015168,34,56,18771
1784015173,34,57,18771
1784015178,34,57,18771
1784015183,34,59,18083
1784015188,34,52,16479
1784015193,34,51,15059
1784015198,34,51,13688
1784015203,34,56,11956
1784015208,34,57,9336
1784015213,34,56,7657
1784015218,35,56,5949
